{
  "roc_auc": 0.9908898193489807,
  "average_precision": 0.9532704720585816,
  "accuracy": 0.9613611116524722,
  "precision": 0.6848062845920372,
  "recall": 0.9464074220292144
}