{
  "auc": 0.9908898193489807,
  "num_features": 52,
  "class_ratio": 11.660379779317424
}